location,time,CO2_ppm,air_pressure_hPa
A,1,378,947
B,1,394,946
C,1,401,946
D,1,404,944
A,2,421,943
B,2,420,944
C,2,459,944
D,2,503,947
A,3,470,948
B,3,484,949
C,3,499,952
D,3,463,953
A,4,444,953
B,4,435,953
C,4,422,954
D,4,409,956
A,5,406,957
B,5,409,960
C,5,389,962
D,5,392,963
A,6,430,964
B,6,366,964
C,6,385,967
D,6,375,970
